1.
mysql> SHOW DATABASES;
+--------------------+
| Database           |
+--------------------+
| information_schema |
| my_items           |
| mysql              |
| performance_schema |
| sys                |
+--------------------+
5 rows in set (0,00 sec)


mysql> SHOW TABLES;
+--------------------+
| Tables_in_my_items |
+--------------------+
| users              |
+--------------------+
1 row in set (0,00 sec)

mysql> SHOW COLUMNS FROM users
    -> ;
+--------------+--------------+------+-----+---------+----------------+
| Field        | Type         | Null | Key | Default | Extra          |
+--------------+--------------+------+-----+---------+----------------+
| id           | int          | NO   | PRI | NULL    | auto_increment |
| first_name   | char(255)    | YES  |     | NULL    |                |
| last_name    | varchar(255) | YES  |     | NULL    |                |
| about_me     | varchar(255) | YES  |     | NULL    |                |
| is_developer | tinyint(1)   | NO   |     | NULL    |                |
| email        | char(255)    | NO   |     | NULL    |                |
+--------------+--------------+------+-----+---------+----------------+
6 rows in set (0,01 sec)


mysql> CREATE TABLE phones (id INT NOT NULL AUTO_INCREMENT, phone_name CHAR(255), company_id INT NOT NULL, user_id INT NOT NULL, PRIMARY KEY(id));
Query OK, 0 rows affected (0,04 sec)

mysql> SHOW COLUMNS FROM phones-> ;
+------------+-----------+------+-----+---------+----------------+
| Field      | Type      | Null | Key | Default | Extra          |
+------------+-----------+------+-----+---------+----------------+
| id         | int       | NO   | PRI | NULL    | auto_increment |
| phone_name | char(255) | YES  |     | NULL    |                |
| company_id | int       | NO   |     | NULL    |                |
| user_id    | int       | NO   |     | NULL    |                |
+------------+-----------+------+-----+---------+----------------+
4 rows in set (0,00 sec)

mysql> CREATE TABLE phone_companies (id INT NOT NULL AUTO_INCREMENT, name CHAR(255), PRIMARY KEY(id));
Query OK, 0 rows affected (0,02 sec)

mysql> SHOW COLUMNS FROM phone_companies;
+-------+-----------+------+-----+---------+----------------+
| Field | Type      | Null | Key | Default | Extra          |
+-------+-----------+------+-----+---------+----------------+
| id    | int       | NO   | PRI | NULL    | auto_increment |
| name  | char(255) | YES  |     | NULL    |                |
+-------+-----------+------+-----+---------+----------------+
2 rows in set (0,00 sec)

mysql> INSERT INTO phone_companies (name) VALUES ("xiaomi"),("apple"),("samsung"
);
Query OK, 3 rows affected (0,00 sec)
Records: 3  Duplicates: 0  Warnings: 0

mysql> SELECT * FROM phone_companies
    -> ;
+----+---------+
| id | name    |
+----+---------+
|  1 | xiaomi  |
|  2 | apple   |
|  3 | samsung |
+----+---------+
3 rows in set (0,01 sec)

mysql> SELECT * FROM users;
+----+------------+-----------+---------------------------------------------------+--------------+----------------+
| id | first_name | last_name | about_me                                          | is_developer | email          |
+----+------------+-----------+---------------------------------------------------+--------------+----------------+
|  1 | Liubomyr   | Luzhnyi   | bla bla bla bla bla lb a bla bla bla bla bla bla  |            1 | test@email.com |
|  3 | Vasyl      | Mykutko   | bla bla bla bla                                   |            1 | test@email.com |
|  4 | Roman      | Bondar    | bla bla bla bla bla lb a bla bla bla bla bla bla1 |            1 | test@email.com |
+----+------------+-----------+---------------------------------------------------+--------------+----------------+
3 rows in set (0,00 sec)


mysql> INSERT INTO phones (phone_name, company_id, user_id) VALUES ("Galaxy S21», 3, 1), ("iPhone 7S», 2, 3), ("Note
 10", 1, 4);
Query OK, 3 rows affected (0,01 sec)
Records: 3  Duplicates: 0  Warnings: 0

mysql> SELECT * FROM phones
    -> ;
+----+------------+------------+---------+
| id | phone_name | company_id | user_id |
+----+------------+------------+---------+
|  1 | Galaxy S21 |          3 |       1 |
|  2 | iPhone 7S  |          2 |       3 |
|  3 | Note 10    |          1 |       4 |
+----+------------+------------+---------+
3 rows in set (0,00 sec)

mysql> SELECT * from phones WHERE company_id IN (SELECT id FROM phone_companies WHERE name="xiaomi");
+----+------------+------------+---------+
| id | phone_name | company_id | user_id |
+----+------------+------------+---------+
|  3 | Note 10    |          1 |       4 |
+----+------------+------------+---------+
1 row in set (0,01 sec)


2.
mysql> INSERT INTO users (first_name, last_name, about_me, is_developer, email) VALUES («Yuriy», «Bandura», «bla bla bla»,0, "yb@mail.com");
Query OK, 1 row affected (0,01 sec)

mysql> SELECT * FROM users
    -> ;
+----+------------+-----------+---------------------------------------------------+--------------+-----------------+
| id | first_name | last_name | about_me                                          | is_developer | email           |
+----+------------+-----------+---------------------------------------------------+--------------+-----------------+
|  1 | Liubomyr   | Luzhnyi   | bla bla bla bla bla lb a bla bla bla bla bla bla  |            1 | test@email.com  |
|  3 | Vasyl      | Mykutko   | bla bla bla bla                                   |            1 | test@email.com  |
|  4 | Roman      | Bondar    | bla bla bla bla bla lb a bla bla bla bla bla bla1 |            1 | test@email.com  |
|  5 | Yuriy      | Bandura   | bla bla bla                                       |            0 | yb@mail.com     |
+----+------------+-----------+---------------------------------------------------+--------------+-----------------+
4 rows in set (0,00 sec)

mysql> SELECT * from users WHERE id IN (SELECT user_id FROM phones WHERE user_id > 0);
+----+------------+-----------+---------------------------------------------------+--------------+----------------+
| id | first_name | last_name | about_me                                          | is_developer | email          |
+----+------------+-----------+---------------------------------------------------+--------------+----------------+
|  1 | Liubomyr   | Luzhnyi   | bla bla bla bla bla lb a bla bla bla bla bla bla  |            1 | test@email.com |
|  3 | Vasyl      | Mykutko   | bla bla bla bla                                   |            1 | test@email.com |
|  4 | Roman      | Bondar    | bla bla bla bla bla lb a bla bla bla bla bla bla1 |            1 | test@email.com |
+----+------------+-----------+---------------------------------------------------+--------------+----------------+
3 rows in set (0,00 sec)